metric,value
Initial Cash,10000.0
Ending Equity,17674.77740430957
Total Return,0.767477740430957
Annualized Return,1.0798236436975523
Max Drawdown,-0.20274565771622788
Sharpe,1.9273655100735394
Trade Count,565.0
Total Fees,1492.6714386715064
Fee Bps,10.0
Slippage Bps,5.0
