metric,value
Initial Cash,10000.0
Ending Equity,10161.84905492741
Total Return,0.016184905492740986
Annualized Return,0.12636800347953714
Max Drawdown,-0.09790221258559284
Sharpe,0.5972277455716114
Trade Count,11.0
Total Fees,21.216865058244966
Fee Bps,10.0
Slippage Bps,5.0
