metric,value
Initial Cash,10000.0
Ending Equity,10062.28859930878
Total Return,0.006228859930877961
Annualized Return,0.047099179885384146
Max Drawdown,-0.09790221258559284
Sharpe,0.3082763537131375
Trade Count,11.0
Total Fees,21.216865058244966
Fee Bps,10.0
Slippage Bps,5.0
